564539611;0;0;103;0;237777026;134435;1076654564;2498857
563549683;180933896;0;0;488465;1662;354237;81566;329417
564308574;1135089;418681507;36729;886105;155311052;357420;43082;382342
563463764;544052381;283810325;735043;0;7577013
569298639;118325544;0;673857;453397;1277
579773947;0;0;103;0;242602374;99375;1109252596;2656639
575437492;180988064;0;0;526943;2359;375877;99971;341692
574474113;1128445;422241697;36945;899523;155323054;342149;37751;374853
566212242;545342736;282744435;735780;0;7867138
562260315;117289515;0;673240;468148;1196
562142685;0;0;101;0;237385717;121861;1070560264;2380541
561878560;180896742;0;0;498843;1707;426262;151313;323243
562349825;1118387;418314714;38416;887082;154712522;322913;46644;339563
562185761;542713373;282748231;736126;0;7759271
562084310;117329652;0;672499;436654;1090
562523674;0;0;104;0;237512226;86479;1071702484;2432149
562057479;180934045;0;0;496602;1694;333187;75084;295109
562161930;1141597;418312038;38589;888676;154708786;298930;22109;317241
565572353;545098556;282669854;735604;0;7744056
562103540;117319282;0;670311;473907;1210
562041123;0;0;105;0;237378661;60115;1070417176;2416401
561976874;180933291;0;0;497844;1600;299670;37869;280840
575492071;1088908;422426924;37078;906058;155296471;528125;114390;519785
571341502;545413528;282642210;734944;0;8243890
573694617;120318780;0;676566;439168;1164
579508220;0;0;104;0;235641327;315827;1111473600;5092285
566706133;180950778;0;0;514103;1985;336564;84476;328296
576282611;1141918;422447239;37853;910785;155020526;379583;38710;435045
580818989;516861826;284323964;737543;0;8401269
581291531;118094532;0;677816;429743;1281
573559105;0;0;102;0;240829754;201836;1098110820;2890179
571974251;180988636;0;0;507083;2187;432142;135129;414325
570738383;1137844;421427149;38543;783759;143098481;358037;42765;385649
578860290;551835764;282139650;735791;0;8606166
574907939;121302624;0;673239;446765;1352
570195916;0;0;102;0;239781342;280736;1090670424;3945883
567961823;180970473;0;0;518698;2221;431236;151959;369817
565736788;1113227;419833043;39433;759429;142952583;429307;66568;455849
563503884;542318100;282432477;737071;0;7089714
569265918;119311546;0;674924;437529;1345
569290774;0;0;102;0;239678740;198475;1087990292;2902051
580650075;181020046;0;0;521840;2364;382369;90392;350367
568567219;1122258;420616510;40099;773742;143036132;451206;76088;497496
560789741;540037833;282800634;734609;0;6973605
568382976;119287171;0;674863;446775;1357
569208962;0;0;102;0;239749107;193054;1088207528;3572008
578642375;181023296;0;0;534808;2444;427623;114473;423262
567729469;1090502;420482327;36058;749007;142988146;442411;80989;480090
562878782;541866756;282343175;737245;0;6997257
569534681;119941918;0;674423;471693;1322
572978068;0;0;106;0;241101813;83118;1095591576;2779689
568427821;180969537;0;0;508782;2154;511120;199021;500417
574787116;1128214;422407356;34907;823170;148599794;373147;45176;419019
564292422;542966594;282346240;736982;0;6981232
564183964;118111750;0;673393;471232;1363
573824699;0;0;106;0;240859652;186459;1099177320;3744602
569194744;180994813;0;0;513442;1989;504221;193656;433375
569429973;1095021;420927181;37076;774573;143106357;497333;88866;503273
568724826;545057308;282247315;735143;0;7828541
566542963;118827874;0;674533;452264;1408
565470267;0;0;111;0;238122997;308384;1080250820;2720506
579451718;181007480;0;0;525768;2302;385713;99493;353319
575188110;1121990;421885657;39116;935694;154612643;442916;70025;485733
573884201;547735815;281533728;736574;0;8731668
561711517;117351507;0;671904;440736;1252
566577047;0;0;107;0;238562575;100420;1081599688;2489821
572462940;180986215;0;0;496044;2050;431407;138935;400582
572310168;1092301;421669328;37801;807567;146621912;525430;101238;581808
572535836;546656720;281468569;736614;0;7588385
565619327;118691714;0;672628;434399;1233
563036231;0;0;100;0;238036319;136271;1074572956;2682243
570290764;180902075;0;0;497210;2009;524073;217294;424944
569763825;1076509;420941690;37243;762878;143378449;532288;112274;452286
570748943;546810204;281342895;737857;0;7440192
568811445;119648897;0;673035;434243;1205
564523952;0;0;102;0;237994390;214449;1077715856;3758983
565314817;180872853;0;0;478683;1830;338865;64992;327459
568688175;1117234;420319458;39737;818453;146089314;475653;72892;477605
573585360;552532345;281144191;738373;0;7697996
568719938;119598716;0;676361;439430;1264
568191159;0;0;102;0;239439343;280254;1086582808;3751649
567556337;180879581;0;0;475387;2160;428635;156471;361000
566620613;1135423;418980788;38857;900247;153870847;385092;52453;398709
573404701;548908324;282359597;736604;0;7508485
570948947;119066231;0;676737;427381;1215
574262225;0;0;106;0;240711415;220826;1098910576;3560723
569654988;180922296;0;0;496064;2110;543579;228756;503609
560997802;1123747;417672933;37891;746393;142267694;325307;43124;361888
570450511;547157450;282788047;736658;0;7225314
577325436;121094595;0;672918;463604;1308
573941830;0;0;106;0;240729587;192726;1098012352;2749481
575892326;181000601;0;0;490953;2447;419662;134036;386823
564743880;1127564;418160789;37818;896260;154114862;418000;57438;459219
570537683;546706066;282129746;736696;0;7477527
568050261;117648289;0;673760;424133;1234
568853096;0;0;102;0;239835379;232747;1088462356;3065884
564539407;181267232;0;0;479009;1963;502683;196950;375198
566714460;1127530;420391037;36170;761894;141589763;356686;46787;399107
557071681;540174725;281076729;736225;0;6893796
568077010;117054281;0;674293;451039;1333
567557811;0;0;102;0;239653999;201176;1085939308;4114139
569751387;181302323;0;0;498363;1983;377707;96268;367331
563812101;1113332;419438412;38857;750192;141427327;450074;74315;435256
556712762;539931175;280662602;736971;0;7189354
569372811;117337680;0;672886;461069;1384
568819130;0;0;102;0;239574037;224985;1088401328;3627797
563630799;181271152;0;0;472615;1892;450570;167358;393986
568578022;1115983;421069642;38168;769911;141748308;439707;63318;451663
556159627;540192777;280742036;736362;0;7129295
564439222;115754047;0;676541;467947;1387
569820106;0;0;102;0;239863179;134767;1089851808;2748707
564461302;181268191;0;0;489548;2057;569862;241544;427800
564688362;1096896;419803451;37445;758226;141530152;440695;76106;455064
565093347;545955608;278593347;738066;0;7481421
557791984;113102275;0;722160;386391;1079
564493133;0;0;102;0;238266735;91554;1078449184;2589470
568059437;181290550;0;0;480993;1939;466832;172584;425946
562890656;1115566;418536986;38828;775110;141376558;433470;63656;494613
570253274;547861550;280274255;736991;0;7986391
559923054;114344309;0;677932;443113;1363
560179798;0;0;114;0;237117813;170285;1070087048;3583237
565716939;181281272;0;0;508784;2105;488831;214397;467698
569848381;1103286;420778567;38879;916253;153272209;506326;94156;538004
576710513;553599760;279957772;737587;0;8223037
569254604;117372085;0;674765;435162;1290
560558217;0;0;103;0;236927533;101228;1069634092;2571381
566778176;181275608;0;0;478608;2146;529477;217980;453053
577312818;1100277;423441783;36886;919975;153700715;433670;83377;531999
572700047;550876695;280046091;738226;0;8213341
566453308;116386002;0;678300;439874;1311
565704204;0;0;101;0;238706644;91432;1081287016;2666716
570945196;181296271;0;0;500742;2053;374917;80154;362277
565666258;1126457;419836031;38570;907526;153181875;439037;57405;459027
570855788;549516331;279728397;738692;0;8090192
566310020;116343284;0;677200;432152;1252
566138750;0;0;101;0;228781618;243483;1082896744;4131122
561327870;181257779;0;0;464848;1844;361229;79110;348753
571692595;1108839;412299315;38845;931129;153520583;464330;83207;546027
564415419;546209808;280438576;737568;0;7361975
564209501;115585134;0;676310;408788;1271
569341675;0;0;102;0;240292136;291004;1090925860;3605724
559996348;181253663;0;0;478716;1872;413502;131650;355777
556794700;1142882;417730244;37644;751122;141202210;370740;41918;394415
568672170;548970685;280143242;738025;0;7497850
568497626;117030792;0;672764;456821;1448
568915771;0;0;102;0;240041671;184811;1089623180;4146743
564164533;181293014;0;0;482318;2055;424559;136312;400818
554924427;1134536;417039777;36614;744293;141052679;343775;38339;386558
562910210;545290187;280208388;734926;0;7174861
563811111;115516505;0;672197;434535;1335
564640380;0;0;101;0;238594735;232798;1079683704;2886864
567519776;181285575;0;0;483645;2175;552860;255964;444542
565481012;1110506;420281911;38242;782855;144026929;436217;65381;471108
556380554;538337613;280306072;735792;0;7568019
562866357;116156646;0;681250;439986;1285
562119277;0;0;102;0;243432790;159861;1074370656;2680409
566720497;181231532;0;0;501065;2174;448688;140575;438140
567290012;1107998;401869845;38198;914224;153323735;415500;62414;426560
560059557;481855494;281435593;736692;0;7354952
559604560;111180409;0;666996;468074;1385
567570873;0;0;105;0;230997257;229947;1086857800;3086713
568419183;181228154;0;0;508748;2252;452459;159175;386578
566691756;1129916;425879290;39196;917012;153053251;476537;68806;450339
560987867;544905003;285433415;737632;0;8375783
556888383;108665537;0;675900;474000;1374
565155862;0;0;103;0;240663126;215576;1081652228;3107874
569556810;181244668;0;0;502070;2134;358477;69274;340150
566338498;1113127;425891627;39023;861227;148917516;471004;77981;535539
558975138;529983225;281465186;733715;0;7885502
558639039;114994230;0;675670;468320;1402
561213482;0;0;101;0;243403498;214278;1073296608;3893920
565758906;181223143;0;0;516080;2295;493904;187483;432112
561308706;1113694;424441254;37335;770919;141290736;426708;64292;454038
564729649;534910166;277174269;737477;0;7356083
553091499;113047529;0;675935;461644;1286
568193943;0;0;101;0;245466631;202303;1088856456;3010315
562883778;181197587;0;0;521818;1952;470911;172305;395889
566935922;1078915;417251084;38840;856837;148013182;546364;114530;585093
562168776;534135100;279271997;735987;0;7498995
557256374;114343099;0;673692;419199;1189
556623086;0;0;100;0;241897042;125058;1062249776;2732278
561120089;181198611;0;0;514939;1975;475554;182572;411190
568089429;1119021;410451595;39104;871315;148872302;446085;79805;425706
561724145;532595229;279688900;738146;0;7381830
565887736;117977124;0;673883;429019;1341
554710259;0;0;101;0;240274427;163799;1058415600;2550541
560698185;181193808;0;0;515554;1872;464137;167830;409640
561573102;1106013;424558007;38323;788919;141257469;484509;80600;522142
562349955;533173654;280740763;736405;0;7560647
565144957;116919477;0;676078;454360;1332
560759251;0;0;101;0;243134249;234419;1072160328;3974022
556736106;181180287;0;0;502371;1586;350510;76457;336574
564418838;1136936;425270941;36813;857814;145170662;421976;46440;402933
563908321;533619247;280971892;736110;0;8420205
567582743;117558659;0;677278;426656;1257
561292117;0;0;105;0;243146351;183218;1073644108;3055128
552400820;181168034;0;0;485283;1611;358826;85704;341668
565976568;1145542;426277851;39294;762166;141515648;353090;28187;395888
565747098;534962966;280708572;737287;0;7684279
567233691;117639705;0;675059;422165;1229
563532435;0;0;114;0;243410685;109731;1077681476;2614050
555456846;181168262;0;0;499603;1611;339447;57458;330566
567009171;1145318;425916972;39311;909775;152067364;396865;50277;419546
567233564;535906180;280841731;736692;0;8197335
560413375;115397814;0;673931;402135;1181
560835362;0;0;101;0;243222987;240931;1072867636;3353868
557945546;181180743;0;0;493174;1777;340941;76170;335913
558205678;1137922;423272451;39014;904705;152670905;390939;43488;460414
566184228;535744339;280491885;740010;0;7804185
565603896;117035913;0;672345;441660;1312
562811490;0;0;101;0;243297707;282720;1076102992;3255418
562521450;181198558;0;0;502292;1771;406945;125881;359769
554892706;1148088;421969169;37087;923585;152486868;328745;24837;362310
564596532;534767875;280850834;737013;0;7542160
563732983;116456845;0;677993;412050;1206
562355299;0;0;101;0;243247156;250606;1074952924;2847918
565849420;181212436;0;0;497409;1848;484125;169529;426402
557671859;1118503;423005381;39232;860929;148204225;410664;59157;413288
553256459;525738838;280296817;736122;0;7672030
564957406;118163955;0;676762;460793;1418
565751117;0;0;101;0;244595331;242840;1082828988;2861175
565389926;181224183;0;0;525121;1928;384932;114174;367438
561862337;1091725;424464611;39672;922366;152387438;537567;105511;473451
553257688;525745120;279959965;734551;0;7695582
557371444;115841335;0;679281;439822;1302
564124591;0;0;102;0;244178810;259304;1079870156;4186449
563602245;181219970;0;0;516041;2182;476030;179705;405978
560668068;1097457;424507374;37912;838886;146003003;458374;78818;409384
558343072;530631387;275510202;737794;0;6952540
551285763;114010585;0;672700;473856;1377
564563619;0;0;102;0;244451768;224229;1081418920;2845416
564331652;181216829;0;0;532098;2157;484624;194135;409550
561791957;1113984;424618694;36907;899172;152504281;438994;62205;457977
564436985;533880519;277340141;737284;0;7526945
554365235;114853321;0;674139;474125;1399
564849767;0;0;105;0;244562941;74021;1081169060;2702610
563569518;181199931;0;0;519962;2063;405541;120925;367763
560082156;1114745;422199899;39014;781617;140929932;477363;71281;469382
565434383;533865265;278678414;739268;0;8117554
563701068;117605456;0;673163;445677;1297
560549897;0;0;104;0;243497931;180282;1071763256;2879937
563233981;181219636;0;0;537010;2174;451238;153347;420891
568980200;1129958;427034176;39183;854305;146882489;524540;86157;525326
569205709;536362176;279970546;736932;0;8157760
568616645;119335681;0;677345;445311;1314
557889709;0;0;101;0;242150260;97501;1064760520;2561728
565343138;181215587;0;0;534414;1800;353339;62634;351990
571162107;1123932;427257236;39186;952975;152903985;474109;63286;505427
560831665;531417200;279989529;736840;0;7796980
563573249;117892115;0;674955;402739;1150
561500744;0;0;101;0;243278184;113944;1072813972;2619888
553720857;181169682;0;0;526179;1748;350892;70148;360295
561971526;1104917;424615483;39275;910530;152543199;492052;80240;517935
566347801;534269593;279788032;738098;0;8018693
570399154;119904309;0;676250;470522;1398
562259253;0;0;101;0;243473668;190130;1074848176;3392021
553716892;181167571;0;0;497360;1622;339282;65917;335991
562308222;1137179;424699881;37547;911107;152521459;433634;50942;444813
566580621;534778513;279703532;738508;0;7975045
561023549;117057921;0;674187;432838;1238
565043074;0;0;103;0;244628554;204676;1081338292;3206578
556992268;181187993;0;0;509121;1766;429398;146103;396407
551501137;1122870;422012525;39854;755357;140441748;374301;60156;415363
565371592;535029766;277987782;738153;0;7527079
563558596;115339303;0;685954;408677;1183
565957934;0;0;101;0;241823896;229850;1084024448;2969701
563128739;181213301;0;0;526799;1773;454002;159994;430565
557614022;1115754;423293737;38420;904044;152339669;420068;58571;405388
558396169;529115996;279909548;736539;0;7633105
560715650;117023135;0;673353;428843;1238
560719440;0;0;100;0;243363998;220917;1071452036;2916557
565358951;181218580;0;0;544151;2018;439241;143775;393346
567237393;1129440;426201621;38496;868209;147741377;425269;49428;437061
555457990;527768755;281417947;735362;0;7428078
558542080;115055177;0;672799;466707;1410
567068914;0;0;104;0;244795403;101569;1085437664;2720082
568233154;181239288;0;0;518287;1887;455252;154214;419350
567549449;1113745;426138230;38382;911001;153134442;429136;68765;443107
557349761;530184153;281122923;736481;0;7174198
553596699;113418637;0;674441;467290;1404
566483920;0;0;101;0;244673909;161271;1084237792;2797476
561272499;181197685;0;0;504846;1946;459138;154793;422285
565048418;1131523;425778893;36834;775554;141494700;429979;59067;416706
561742285;533189796;280703797;737033;0;7250308
558051673;114660569;0;671047;448146;1372
556646204;0;0;103;0;242084153;98311;1061826172;2682965
560884715;181202570;0;0;509602;2061;475446;161787;433203
565293089;1119242;425942279;37943;767897;141552119;357959;49661;402896
565059286;535334620;280693828;735978;0;7316079
561989987;115990893;0;673102;436278;1338
552751907;0;0;101;0;240899070;61879;1053081964;2378618
567973100;181222330;0;0;518604;2035;417239;124613;391299
562865593;1109172;425210646;37263;765290;141424360;481234;76008;556136
564553813;535430672;280902503;736817;0;7086108
561807803;116120964;0;738540;356685;1121
556737394;0;0;100;0;242128498;166578;1062398516;3845668
556775108;181185179;0;0;506112;1818;403576;114894;389307
561879625;1126185;424650096;39225;816116;145227369;417323;52928;423085
566086041;535915603;281087131;737702;0;7222968
567193009;117683408;0;718579;411540;1141
560541956;0;0;101;0;243249895;74854;1070418564;2504005
556872702;181180665;0;0;484052;1535;366979;76655;362690
562618018;1104618;424560924;38395;877340;149292682;495298;85847;482543
566176804;535686125;280780127;739307;0;7458616
565606474;117238010;0;675708;448549;1390
563864857;0;0;111;0;243677942;190107;1079289384;3848281
554638836;181108741;0;0;478828;1506;326592;53283;320396
563312756;1132026;424715572;38466;909236;152946745;452090;55413;477082
566016755;534695860;280453433;737352;0;7981844
563495248;116515542;0;676366;404115;1205
566477025;0;0;105;0;244527918;183349;1084678788;2879219
558378181;181122465;0;0;506128;1537;350807;75591;330806
559002909;1150739;423417712;37711;911632;152763480;329520;20365;364719
564943605;534801021;280672176;736737;0;7505420
562120927;116113320;0;671056;434749;1331
562491311;0;0;104;0;236819789;256803;1075998044;3006664
565382286;181158462;0;0;516165;1732;415250;117344;371530
554374737;1144491;422407257;38535;754859;140937731;336652;25321;378082
561758557;514809581;277806912;736060;0;7424530
565456193;114022280;0;681047;418378;1235
565515182;0;0;101;0;232601356;256593;1082355864;3802185
564374001;181144551;0;0;527176;1980;416932;132396;397862
568219360;1102317;423782854;40701;838061;145825755;540013;102817;519502
555040062;527728669;281080720;735559;0;7550755
560480549;116292682;0;676537;461280;1297
568081939;0;0;102;0;244836548;264342;1087090636;3841119
563256072;181155222;0;0;521833;1922;478748;170587;370343
562563358;1088135;424822856;37302;816626;145147632;498435;90766;549553
567388566;536004271;280591824;736223;0;7855708
557170226;114651542;0;671343;447018;1310
563228153;0;0;101;0;243744208;71783;1076214084;2599821
563095011;181150733;0;0;516642;1945;411773;125819;391786
570569204;1139352;427408191;39271;785806;141739252;367618;40321;408105
566792737;535864070;280539666;736372;0;7752185
555019453;113946809;0;677192;439547;1308
559618939;0;0;101;0;242286340;88448;1068030852;2504680
565834444;181166356;0;0;513760;2006;470259;166419;430382
567277977;1134142;425928389;36846;904960;151489008;356609;36436;397335
563386865;533351546;279208156;736010;0;7767772
562991646;116401719;0;676646;463774;1356
554393695;0;0;100;0;240833036;68135;1056043500;2343098
565656355;181165519;0;0;513706;1786;389486;93175;379010
568012787;1085791;426109435;37847;914894;152791582;562911;123285;631828
565667762;535111108;280563975;736731;0;7920015
572562426;119425449;0;679709;424164;1232
562913322;0;0;101;0;243687632;232400;1076994868;3682190
558615037;181126524;0;0;506137;1770;344290;73271;331205
574161780;1144610;428360595;39347;872755;149265560;417609;39627;432692
568789151;513294947;278339775;739135;0;8030152
566784012;118578344;0;676222;314915;917
569381674;0;0;105;0;245479678;250981;1090454600;3185738
557915986;181133407;0;0;498738;1783;424387;149817;382324
557111018;1125350;423277503;38917;785654;141772415;364341;44641;392093
565777985;534206498;280187665;736674;0;7479922
561190253;115556693;0;670917;443861;1342
566431202;0;0;105;0;244612726;183588;1084294728;4013168
561521695;181144521;0;0;508607;1745;406069;121620;386345
556601065;1139607;422376953;38679;751844;140969453;393276;46043;439260
564395449;509270817;278346060;737497;0;7910907
566099883;115591665;0;682182;424105;1263
562580872;0;0;101;0;243452647;178947;1074805332;2770416
564706419;181155777;0;0;513509;2022;430900;137776;380281
552543710;1133166;421956285;39912;761564;140812013;377787;55183;396943
561170027;532767742;280842845;737951;0;7311876
564606267;116621455;0;680428;436520;1235
562057112;0;0;102;0;243323798;264324;1075266436;3615607
563861156;181150448;0;0;519276;1854;427267;137949;376348
556824779;1137777;423218933;36668;799500;141017023;336030;30803;368420
557635103;529948442;280641369;736211;0;7253244
561898249;115903893;0;676379;430984;1304
564929571;0;0;102;0;244644457;234457;1081818448;3237990
561650774;181148882;0;0;520538;2068;386945;111599;349394
566833219;1104586;417969547;38803;840522;147109965;486454;82963;481680
552341615;526963247;276708632;733970;0;7042499
559811381;115393980;0;671563;479443;1420
561496991;0;0;101;0;243802717;228609;1074004464;3633916
564370810;181154319;0;0;527128;2148;451148;154741;385935
563079337;1108391;424891207;39540;866886;148600717;416065;65672;439563
561332680;532406380;280534737;736580;0;7608864
552350407;112933958;0;682545;463774;1317
564430854;0;0;102;0;244625185;234566;1080922284;4041211
564699971;181162360;0;0;525021;2023;384850;90230;365576
561600526;1117672;424790110;38581;772641;141282365;488005;80321;498770
563186036;534399022;280626250;734615;0;7431159
552564533;113014879;0;679197;456411;1300
560840083;0;0;101;0;243336964;182660;1071892972;3594020
563399975;181147508;0;0;521047;2019;455260;160037;402451
560853927;1093718;424587273;37880;760671;141217363;497971;91547;533998
564429154;534826654;280385730;739866;0;7527040
561948300;115675624;0;677368;407300;1181
552388599;0;0;122;0;240867141;181798;1054388864;2554124
560723809;181139830;0;0;500108;1941;377523;104878;372440
560844970;1109142;424544096;39590;767813;141234546;497870;76519;516808
566948765;536744656;280635999;736912;0;7481829
566744545;117405000;0;674763;435983;1287
555861143;0;0;103;0;242002232;88831;1060636084;2552068
556314630;181129793;0;0;494722;1693;352098;64927;352976
563844328;1131083;425582034;39880;771950;141383736;484549;61710;444438
561651499;532861007;280601134;736643;0;7471634
560757016;115352722;0;676005;416035;1265
565090615;0;0;102;0;244512435;293837;1082461064;4327181
555619969;181122217;0;0;518022;1641;415299;146401;369002
563143024;1129157;424820351;35908;912562;152895696;375202;46881;422394
562623510;532722578;280567694;736387;0;7871055
562490907;116059673;0;670600;421434;1210
570359878;0;0;102;0;245798807;194471;1092219784;2964493
558246614;181131406;0;0;509470;1916;433374;146539;378763
554443963;1138730;421937958;38766;909297;152510877;340866;35687;373819
566819781;535066014;280465226;735442;0;8156768
566196769;117227320;0;674370;442616;1320
562321343;0;0;101;0;243759103;232092;1075602904;4271460
564243700;181157595;0;0;524593;1895;397095;111080;396859
551791146;1145146;421892847;37939;763222;140800939;346742;24556;393662
561714136;532476096;280519557;736522;0;7614121
565779008;116942895;0;674630;453761;1289
567269226;0;0;112;0;244912801;159481;1085722676;2797666
566835884;181169417;0;0;522293;2589;353587;61945;351782
554276804;1147343;421905830;37660;933606;152509337;303932;18349;358931
563433750;532690692;280545180;737157;0;8124623
564338996;116414980;0;673907;410601;1123
569992174;0;0;102;0;245751265;109277;1091550104;2863498
561884167;181146864;0;0;522659;1946;340793;63972;326808
554151226;1130304;421864231;39343;931003;152510247;333365;34892;371534
566896003;535026705;280557369;735659;0;8262792
566964624;117386700;0;673550;377118;992
565170890;0;0;105;0;232017334;312497;1081753300;3175512
565719105;181153600;0;0;512876;2057;501705;206396;439519
554147783;1093442;421981893;38677;895143;152535905;384016;70842;383938
563417566;532889866;281239117;735114;0;7979138
562999873;116982218;0;671477;441010;1337
566843552;0;0;104;0;244676204;180996;1084712484;3896119
566532210;181162754;0;0;533582;1994;447536;154066;396428
557731633;1129982;423209620;38451;873205;150138445;419779;52625;433442
558088075;529774570;280655245;735101;0;7882919
562425131;116130343;0;673703;429084;1268
565510889;0;0;102;0;244806505;231616;1082366032;2927732
562561858;181149353;0;0;525533;2019;441773;145822;411649
564707681;1127872;425608170;38169;829602;146441373;420121;53234;414059
552121779;526795761;281572422;735497;0;6992746
560019971;115518677;0;674311;447347;1298
567872815;0;0;101;0;245684768;82708;1086500652;2697243
561671655;181151255;0;0;515378;1884;427553;140691;383981
563942755;1114179;425685797;37302;764442;141345268;487574;77394;464703
552402853;527177005;280661637;735910;0;7032519
560608759;115646625;0;680873;462187;1363
568927447;0;0;102;0;245682941;249656;1090009296;3818069
566085348;181153950;0;0;509209;1871;426673;143016;374337
570693254;1087856;424343972;38236;927790;153151230;570716;105930;571118
567204161;547397295;279602854;737178;0;7850606
561620581;115279022;0;675063;455693;1312
566846181;0;0;101;0;238962717;173903;1083691668;2974367
573979578;181170640;0;0;519131;1912;483278;198092;423253
572700285;1112087;415685451;34798;777722;141926366;460983;71173;523053
567884638;541540185;279350378;737358;0;7618448
557541930;114172621;0;675401;426908;1246
557988048;0;0;101;0;236719658;132402;1064356364;2494059
564627364;181144082;0;0;520176;1857;527217;194123;444240
567746136;1098946;420403250;38572;922300;152985155;488744;81209;533205
567260131;546185016;279660254;739518;0;7961552
570640686;118700704;0;677319;398628;1116
562815862;0;0;101;0;243415271;122850;1074951876;2587229
562043185;181135268;0;0;499859;1710;368763;83973;358798
570564857;1145655;427014493;38471;913896;153148639;373226;31046;406730
573709000;540764805;280212168;740705;0;7938866
564693073;113078966;0;673668;438489;1265
569222591;0;0;105;0;239114490;264925;1090287416;2866437
558278155;181119629;0;0;534262;1626;335623;68249;325661
565993241;1105064;425614870;38221;907989;152923912;423390;77142;438643
564975674;525486216;282835063;736114;0;7872043
562231451;115955078;0;671484;431402;1271
566157811;0;0;103;0;244477725;192442;1083341684;2866947
562709173;181144841;0;0;522626;1826;375073;94904;342685
561437169;1150278;424481709;38017;871836;149931453;336345;22415;380250
568999866;538741205;280499171;739570;0;7260330
570146186;118487538;0;677169;474344;1364
570085502;0;0;101;0;245766394;179561;1091721248;3970900
562935243;181141314;0;0;526072;1809;391858;120335;354548
562452076;1144841;423555799;38310;888478;152770735;344393;36819;373923
569987278;536861487;280141829;738216;0;7922516
569998443;118411304;0;677206;443378;1247
566539961;0;0;102;0;244796288;285525;1084693820;3967616
563336413;181137642;0;0;522379;1813;449017;170398;414593
557892672;1112528;422963532;38495;885707;152596025;412208;63051;447404
558236869;530425328;280431291;736680;0;7434630
565074324;113352373;0;674227;447966;1353
567369553;0;0;123;0;230905916;264910;1086845272;3199228
563245460;181149865;0;0;527123;1818;472606;179510;341775
564738273;1125844;425481216;37136;802479;144287981;423166;56081;415695
554432990;527540597;280689879;736299;0;7624251
562890135;116410268;0;686517;443363;1249
561341804;0;0;101;0;243170673;238019;1073577400;4884546
566736949;181156564;0;0;532030;1939;392829;110622;359205
565663975;1113964;425531936;38927;863745;149185924;436044;62284;470356
558560498;530188042;280546117;735095;0;7661604
554542537;113741510;0;673973;478130;1433
565080290;0;0;110;0;244373827;162232;1081109416;2670616
561603136;181143614;0;0;518655;1918;481586;173491;353776
568727500;1107834;426758151;36979;803480;142663915;513409;86019;504823
570286791;538842609;280176082;736350;0;7875364
557330363;114497725;0;673350;468008;1398
569004193;0;0;111;0;245795012;108249;1089787020;2737827
569571118;181173267;0;0;523589;2370;476619;176402;438230
567809640;1110257;426075809;38400;900588;150353525;462969;75600;495800
570044724;538621773;279783255;739667;0;7891198
561293739;115819919;0;676365;430378;1254
560312290;0;0;125;0;243035525;202623;1072604064;4085406
565900450;181160944;0;0;527868;1936;479486;203092;399141
567456700;1104035;420408349;39243;816279;141371804;493279;77038;535728
565257285;546850029;275504852;735811;0;7365286
567814647;113853806;0;670687;455369;1397
561287356;0;0;101;0;225043368;84493;1070764684;2484409
570422790;181161477;0;0;534700;1993;512765;204661;433762
570117851;1102861;427380399;38205;807526;145040528;434469;76274;429565
571559354;540614827;280374685;739876;0;7616566
569340637;117855302;0;743711;339855;884
563730637;0;0;102;0;243354926;221558;1077571372;2697595
563751634;181141830;0;0;503369;1701;420018;135100;371658
570990733;1110427;426018144;38442;783703;141823832;538922;92176;567846
569469000;530672390;282196985;737600;0;8189290
569549328;118434446;0;673505;375769;1099
570590849;0;0;102;0;246550619;241300;1093229400;2931062
552187588;181110582;0;0;495279;1670;349805;92626;312701
557942103;1137407;424045543;37394;785200;141322054;400444;43292;400386
565458645;512181683;278458802;736221;0;7599526
570349667;115807011;0;676643;443158;1321
572798546;0;0;130;0;226978767;232018;1099587060;3919059
567694040;181156743;0;0;523804;1835;519320;234332;416073
560384440;1126656;393236504;39669;911730;153084634;346010;43036;374975
569330967;511499995;278604993;737305;0;7434633
567926246;114028442;0;676342;441752;1354
575950977;0;0;103;0;225215555;229252;1104516772;3278046
567603810;181173082;0;0;548997;2233;458191;165353;379711
563811108;1115842;425553775;37235;774877;141403954;442729;65928;442048
557744056;531036272;281667002;734194;0;6922385
564742032;116766001;0;675339;459556;1399
565677951;0;0;105;0;244578130;172591;1082425588;2761848
565956567;181156587;0;0;516794;1934;474325;168006;413754
563446439;1104378;425293286;38488;791832;142506303;468096;80430;506070
558602248;530324714;280721471;736891;0;7506282
566890654;117438245;0;678284;458083;1316
568654629;0;0;106;0;246136286;251912;1090433952;4459828
569447456;181170248;0;0;529491;1993;377476;100487;360783
572871870;1111240;424175301;39481;926782;153320440;460629;78031;515487
561313893;539094266;280151912;735259;0;7251119
559932649;115247412;0;673030;464216;1393
564853535;0;0;101;0;244851864;178540;1080533516;2708699
569988545;181166080;0;0;508915;1962;503282;207721;475371
565727023;1100634;424354723;37341;800042;142077136;496367;87224;456137
566743386;505642788;281957365;737257;0;8020246
557085650;114110387;0;674398;458893;1391
557548981;0;0;110;0;242166094;172739;1065032032;3105356
564636233;181155120;0;0;534017;2003;534232;234913;451701
573504841;1114612;428787680;38904;782196;141837883;421825;67546;414995
564900476;535459767;277500204;737557;0;7589578
569684862;118129966;0;678249;437599;1293
558215597;0;0;105;0;242125608;100147;1065290888;2472987
569165083;181181374;0;0;523969;1927;457296;158069;391374
565486626;1107133;426270824;37994;765453;141520134;444694;71863;444778
568419867;538847691;280514304;737824;0;7222831
568796167;117998389;0;678018;445084;1288
552611377;0;0;100;0;240947778;162687;1053059512;2469069
557024166;181129036;0;0;478677;1620;345315;63823;330842
559091978;1110852;424358515;36809;761205;141264368;472696;78287;470698
566434759;535494641;280532002;737030;0;7916764
571099575;118606847;0;672081;466740;1328
558357180;0;0;101;0;242040346;108668;1064980084;2522015
561228167;181133620;0;0;499806;1643;335989;47296;338236
567682771;1133992;426040642;37377;928307;153155284;403980;46299;414167
567630940;536379398;280467753;738024;0;8057701
565779283;117077049;0;671143;454340;1429
553424623;0;0;99;0;241005185;125485;1055523392;2778114
556848545;181127804;0;0;523716;1696;381889;96180;356309
564077740;1117918;425764975;37544;775288;141358208;471233;70663;440650
564623713;535932794;280036361;738522;0;7248345
565444012;117186345;0;677140;454586;1352
559402572;0;0;104;0;243336673;144098;1068226224;2577164
555163168;181122376;0;0;514464;1629;333316;54482;325146
566478759;1120223;426782917;38577;768593;141103421;497571;76315;543350
570711747;539719991;279380734;737593;0;7282202
565973152;117943961;0;672960;439532;1300
569583852;0;0;105;0;245652749;196470;1091823272;3923893
558137191;181121116;0;0;524776;1671;344243;70852;337141
566891667;1129836;420444821;38715;918462;152606026;432181;58759;506048
565153719;534407496;279561515;738167;0;7906854
567193804;118687014;0;674746;435411;1284
565439349;0;0;101;0;244638255;251304;1082340492;2985851
555694993;181128075;0;0;531183;1872;377068;96259;356824
555533794;1131630;423279410;39709;763753;141137641;419802;47821;413469
561086602;531319950;279454522;734951;0;7968154
570913761;117738774;0;677716;446329;1332
566622988;0;0;102;0;237004588;168175;1083668992;2682305
572185583;181173509;0;0;540027;2122;505441;209002;432712
557177709;1108927;423192530;37317;892301;152257131;398271;63175;384256
560896588;531132001;279937252;736122;0;7845704
564059723;117927450;0;672585;439982;1347
565977321;0;0;101;0;245582151;194549;1083272132;3116891
567822513;181158677;0;0;533069;1878;493384;190324;399210
564574737;1111920;425433251;38555;915550;152509948;436003;69784;440239
557055921;528678296;279678409;736947;0;7615642
556510537;115579617;0;672430;460113;1349
564698555;0;0;101;0;244349075;105231;1080000784;2656885
562835425;181151009;0;0;523418;1831;418815;139353;370672
559552984;1109782;424141980;37521;805090;145335560;437742;71306;457990
558463650;531169466;275430470;735748;0;6944598
554805050;115192785;0;676442;467790;1453
561756975;0;0;119;0;244094799;158051;1075384284;2701127
564091078;181154765;0;0;523148;1923;365939;79404;352150
563065591;1139861;425385169;37974;798364;144666679;363800;32663;410146
556033862;529025539;280002179;736650;0;7326953
553351613;114564963;0;679435;470798;1458
564098453;0;0;100;0;244304010;93644;1078404388;2659614
562752335;181148045;0;0;527866;1891;445203;160188;389415
563412374;1131087;425375707;38984;845134;147389345;361940;46842;397519
558384694;531223527;279866613;736946;0;7014284
555850017;115323441;0;670946;480657;1422
571242502;0;0;104;0;220666104;261175;1094377836;2918710
567087698;181146143;0;0;520116;1903;427251;136775;378028
569698774;1109347;409846142;38422;782595;143685849;469558;76774;507817
570221887;518674272;284004025;736813;0;7786003
562607999;112054340;0;677169;470440;1395
567001663;0;0;102;0;221819905;153150;1084263860;2679771
571802948;181157730;0;0;533832;1753;374790;83595;342737
570185664;1129141;417295542;36387;876447;147803959;465580;65602;497129
563401630;532985947;279846440;738397;0;8211472
556213753;115586627;0;673864;412509;1185
556844146;0;0;100;0;241905334;89485;1062056120;2491370
563147570;181146839;0;0;520852;1750;434237;143102;390098
562369471;1132222;425279125;37972;805469;142836783;438009;56180;457119
567903940;536609799;279333610;738100;0;7939768
558057180;116130535;0;679574;469752;1362
559308760;0;0;101;0;243184296;68237;1068004840;2556338
570369213;181170466;0;0;542217;1828;453884;163125;410371
564669160;1108940;419011039;38219;834205;143569356;496487;82599;475514
565114971;525987566;280502338;739349;0;7468703
568367721;116572139;0;678142;418539;1265
560408150;0;0;99;0;243101278;132091;1070030476;2511710
557002381;181121283;0;0;524750;1638;342234;66816;333276
568308920;1119396;422062314;37781;867080;146795531;436730;69479;485195
559642743;531269699;278759357;737591;0;7556605
564549464;118059369;0;678883;442739;1344
560488221;0;0;101;0;243156769;247385;1071371028;3814768
551332740;181109025;0;0;523260;1569;336096;75659;323891
559031352;1132307;424210787;38572;771687;140663234;471672;57675;470552
559987196;531337272;279580815;736125;0;7713302
562616384;117474547;0;673428;441641;1229
562133560;0;0;102;0;244074390;141433;1074960960;2683130
555033186;181121152;0;0;531485;1676;370094;88317;342432
554666153;1150477;422974746;37729;754059;140448869;323361;19029;367366
558804519;531314439;279525352;735123;0;7321798
558983402;116249404;0;674162;429041;1318
562193893;0;0;104;0;244141062;242051;1076245436;4518635
559052645;181134535;0;0;541288;1772;481853;183956;422305
554934944;1129960;422938023;38005;761139;140444773;369513;41921;396949
555593433;528589019;279651461;734035;0;7257899
562190189;117364308;0;674467;446663;1281
564166517;0;0;105;0;234392969;211982;1080121280;4193772
566155218;181158618;0;0;535803;1698;464455;163068;390234
563706794;1101392;425461500;35744;806198;140894904;502474;84204;464280
555048108;529090258;279686245;737444;0;7073383
559052878;116237908;0;677413;451504;1316
569706291;0;0;101;0;246410796;264958;1091922672;4118575
564719166;181147588;0;0;524616;1971;477473;170496;436450
562537233;1098433;425357463;37927;775545;140824985;452298;79810;495738
567759444;536194623;279327934;737664;0;7792126
557174330;115811354;0;675051;422433;1257
560594350;0;0;101;0;243043998;147808;1070692540;2595876
560825833;181134715;0;0;532377;1744;482395;181530;389854
564322288;1133296;425351915;36860;912184;152431275;352775;42178;387641
567754243;535613248;279310970;737373;0;7653815
560757945;116932656;0;671948;425136;1181
556884844;0;0;101;0;241877938;103635;1062112840;2487971
575259660;181181961;0;0;565760;1939;390661;90940;363462
564686424;1145344;425419865;39247;917400;152491864;365461;29835;416066
571584300;538881391;279454854;737452;0;8003056
557276774;116031476;0;670708;428929;1253
556135681;0;0;101;0;242938487;83356;1061592336;2544873
567152337;181162446;0;0;519515;1857;430995;128663;409507
565082008;1109906;425456892;38567;915452;152503547;508305;80636;494009
560751438;531458343;278655611;735960;0;7708970
565144652;115623692;0;675398;427454;1222
554152855;0;0;101;0;240866519;161336;1056459760;2543304
561010869;181132863;0;0;527478;1763;547671;273253;400107
567805847;1095365;426479019;39368;915463;152581061;506627;89058;481942
564464536;533709715;278926861;735911;0;7901308
566017600;118365759;0;680922;396985;1173
570391229;0;0;102;0;226220648;200903;1092747276;4049770
559650486;181119361;0;0;522216;1606;358504;90180;355022
564906677;1142447;415466912;37490;915418;152579082;365198;32151;394695
567333665;535842488;279314463;737482;0;7833556
567140725;118662989;0;675479;409520;1303
562704873;0;0;104;0;244117638;196541;1076666828;2747061
556712975;181123253;0;0;529135;1675;423518;163854;354660
553257913;1133514;421893002;37635;905745;152061916;348313;39292;362084
564202965;533705426;279551903;737574;0;7765446
564950593;118010440;0;674594;449654;1310
558856886;0;0;102;0;243147121;175837;1068065480;2877870
563030831;181146780;0;0;532314;1858;495648;174425;478440
552309513;1126316;421238563;36989;769336;140401900;353721;44401;381940
559976616;529398085;279156821;737037;0;7081704
562449769;118148779;0;675836;446756;1283
566840800;0;0;101;0;244928862;108256;1084947168;2726485
559527808;181137645;0;0;524404;1979;422214;130932;376723
552543895;1141766;422365845;37771;764810;140450118;349584;31280;371392
558666538;530416841;279673237;734081;0;7041802
562104572;117536315;0;675217;433665;1253
565920518;0;0;102;0;244781999;208453;1083569652;3508412
561972821;181139474;0;0;520509;1766;467537;178765;400536
563455484;1136846;425452765;39735;777911;141324591;355033;36712;382022
560882442;533192384;280743397;734949;0;7128613
567652171;117513701;0;678508;437162;1277
568690883;0;0;102;0;245898824;89876;1088121208;2677077
571748576;181175175;0;0;532269;1963;383624;88773;380339
565168622;1145951;425913484;38786;796831;141409301;355339;28044;398640
557919495;530546130;280727392;735198;0;7107877
572562438;119058596;0;680551;466073;1273
564915079;0;0;101;0;244791963;186437;1080495904;2859372
564738830;181149457;0;0;518582;1943;438781;139715;387218
562754820;1100816;421072073;39158;769545;141479048;454521;78820;458249
556263509;509839170;285638771;734796;0;7069532
564645471;111344441;0;677104;467214;1365
565086319;0;0;101;0;240945173;173738;1080763204;2936060
566155903;181149571;0;0;513338;1842;389093;92883;378266
563805140;1142984;425479858;38261;778092;141354633;350777;26787;392685
552373166;527343512;280815407;734850;0;6772352
564181855;116606204;0;677593;421948;1154
566484226;0;0;106;0;244502414;205603;1083872724;2899876
559793030;181131989;0;0;509848;2009;449137;154737;405813
565024621;1094373;425546944;38518;856698;147854996;554241;101891;542491
555071759;527592598;280832069;735088;0;7810609
562062764;115787839;0;672373;473457;1453
565981456;0;0;104;0;244324269;183880;1082314120;2895304
565774956;181149421;0;0;512226;1791;383188;101203;363653
563926433;1093627;425428116;38465;812399;143459784;525762;100128;549845
552339884;527184672;281172229;735189;0;6601689
559637957;115240808;0;673020;473860;1370
560868139;0;0;102;0;243229086;238194;1072029460;3899551
570558616;181163170;0;0;511086;1928;370530;92355;353838
562454437;1108378;425152137;38678;771332;141332501;461080;78138;510741
561253063;493908382;280556343;737609;0;7343562
560793386;110300259;0;674063;464354;1373
563763832;0;0;102;0;232945726;245309;1078442452;2947140
564470902;181157498;0;0;522241;1877;466819;175133;406768
562088369;1102361;424974466;36593;782345;141329971;452776;77042;428598
565391334;536158564;279173091;736658;0;7276681
554901718;113500942;0;670622;434337;1261
556961030;0;0;100;0;242214874;157549;1062647324;2430294
566547514;181188101;0;0;524222;1932;374449;82781;350902
566010866;1149675;426321099;38288;773497;141555561;348233;25235;395634
560956639;533164475;280671699;737026;0;7216798
561153421;115715345;0;676064;451049;1369
553162313;0;0;102;0;241130992;93147;1054019988;2412124
562242881;181145861;0;0;533264;1895;510146;192586;486997
562763463;1110864;425199322;38413;801720;142398442;469963;74176;451618
563576643;533116197;280581459;736086;0;8004236
565576862;116957163;0;673833;427049;1236
562704142;0;0;102;0;244005220;162431;1075655112;2817400
552736499;181110105;0;0;484918;1551;358495;81648;341571
561059916;1130782;424635879;37775;777337;141254983;422380;50205;444895
565897027;536304323;280839481;737336;0;7199292
570337624;118229886;0;675876;417388;1316
566096123;0;0;101;0;245062840;164364;1083207388;3015760
564749823;181153936;0;0;512513;1991;424838;144733;381778
559007328;1134456;423918698;36989;792972;141089443;348117;37617;380339
562498654;534187394;279773021;737148;0;7128183
568357435;117789583;0;673727;462345;1378
565095973;0;0;104;0;244731952;255982;1082349048;3723941
568909996;181160961;0;0;538534;1785;471771;170679;371501
561106570;1116999;425055296;37773;775901;141491563;423498;61923;455101
554840153;530425243;281386265;732119;0;7247591
563246999;116457137;0;676242;453538;1369
566080363;0;0;115;0;244483721;267491;1085063436;5331450
561377764;181137089;0;0;526404;1793;482327;200354;436965
565511441;1100119;424059599;38150;785119;141513665;499281;88872;576333
566400612;515551915;285476849;736415;0;7996292
566187778;111474367;0;674947;459227;1419
567379588;0;0;102;0;234966999;184444;1085605644;3693456
570247312;181162783;0;0;536310;1853;471538;177802;435280
565505262;1108513;425965574;38734;801461;142853402;423443;66809;446482
568187293;538170595;280379131;738949;0;7374372
556856559;114369374;0;673497;460943;1391
564333076;0;0;101;0;244646965;71965;1078565652;2569495
568844018;181175922;0;0;529581;1959;435828;144790;399577
565284334;1133233;425928342;36795;787850;141386758;434751;50856;439388
564494368;535206245;280445309;737464;0;7501217
557562851;114486700;0;675149;467239;1274
557032320;0;0;101;0;242015376;75693;1062675536;2516367
568258959;181169132;0;0;516945;1861;352090;53849;351369
568504758;1100480;426942395;38341;784557;141586144;510808;88517;529547
567294215;538425390;280496184;738168;0;7363219
563873364;116533908;0;675027;464299;1370
560337781;0;0;102;0;243283438;81785;1070138180;2595463
568778053;181182367;0;0;548555;2066;504927;192895;480863
565187612;1110094;425846424;40140;777401;141373368;405573;68008;428178
572176057;541400023;280402299;736818;0;7532931
560332143;115516441;0;675274;460491;1351
556617525;0;0;100;0;242298353;58196;1061350256;2429919
565004079;181157064;0;0;521564;1762;467485;161962;391337
567343259;1134692;425835531;38326;945698;152995723;369595;37354;403477
568491754;536739982;280514458;737962;0;8163916
563775593;116395363;0;679918;449435;1270
558530172;0;0;101;0;242166435;109935;1065296816;2478795
569635515;181166014;0;0;522653;1735;447007;147694;412437
567243485;1091808;425978011;37010;912190;152269043;539044;99133;581442
564836049;535758420;280457610;736813;0;7249769
564501843;116720146;0;676252;420432;1174
569779060;0;0;105;0;245782067;241582;1091382928;3279209
561704556;181133332;0;0;522634;1621;332509;73125;335758
561928264;1140585;424394615;39695;885782;149623735;434624;54697;486562
569464555;538901086;280321932;737905;0;7445318
562620875;116252174;0;675982;453448;1285
570612886;0;0;103;0;245823019;153905;1092298608;3287844
560517583;181123321;0;0;525758;1609;415056;132413;391921
557942230;1139634;422114548;39357;1034131;152642440;337743;28895;362816
562794333;533346376;280632987;736638;0;7858780
564770815;117810473;0;676535;441358;1278
566323566;0;0;102;0;244059074;196600;1083436488;3341340
562320871;181140371;0;0;512243;1807;498296;203255;371024
558783351;1117141;423282594;39609;877046;149398715;415336;61758;406492
558557916;530019715;280686832;734615;0;7574532
562871906;116349833;0;673192;439514;1217
568108650;0;0;102;0;244950410;217556;1087430332;4046101
566026596;181164788;0;0;517850;1818;430606;132842;424339
565008125;1090681;425555558;36674;860652;148313297;480603;90451;476636
554805266;527456324;280771776;735861;0;7683515
562461807;116247411;0;676309;473200;1418
568564939;0;0;102;0;245710101;195460;1088125844;2799721
568531535;181175812;0;0;524693;1909;352571;62155;343249
570434880;1131154;426995030;38628;905537;150800098;422735;54114;490482
556521231;530234509;280604506;742287;0;7095301
561894869;116057288;0;672924;474308;1452
569890205;0;0;103;0;245662103;159417;1091273960;2963133
575098347;181183444;0;0;547174;2012;493078;185133;409837
570104471;1128453;426894752;37217;880697;149016529;397155;47422;451957
562031795;533006325;280520855;737270;0;7698863
563044252;116135218;0;676932;470901;1392
568034440;0;0;102;0;237335432;154037;1086696420;3049415
572509833;181166760;0;0;542801;1944;439696;134880;419917
564360628;1114820;419500747;38295;837641;146262046;498097;72206;543842
562347134;544724349;280042359;736288;0;7482204
557102644;114218343;0;675636;463601;1303
564404734;0;0;106;0;244496781;237056;1080477480;3429143
571918644;181178589;0;0;518870;1866;407756;126702;386416
569969809;1135130;425315915;37785;774072;141628502;351894;36031;423829
571143019;519122066;279641248;737882;0;8013831
566328498;111664005;0;674741;471299;1393
568044116;0;0;104;0;229267927;74422;1086032372;2690549
565547400;181161141;0;0;519688;1915;394101;109185;370120
569514931;1130398;427205996;38149;819490;145979978;446135;60289;508167
570396138;539346636;280371962;738835;0;7643006
561602919;111561538;0;675087;449132;1354
562185231;0;0;102;0;212098264;88743;1072186928;2579051
565746546;181160760;0;0;529914;2144;448898;144764;439501
570990029;1119861;427578497;38021;828738;145586588;425335;55698;461693
569610243;539028296;280510464;736818;0;7619058
565943893;117401391;0;678264;461999;1389
561792295;0;0;111;0;243298239;131139;1074017728;2706042
568806361;181168415;0;0;504040;1898;398418;108270;377536
568084705;1122613;426827714;37814;782451;141504753;386461;54120;454256
571995943;539725002;280482987;738452;0;7996241
564587532;116892336;0;677796;454071;1344
558081308;0;0;106;0;242113358;68977;1065205464;2563448
565769833;181164399;0;0;517611;1746;408959;115472;398108
567971739;1129911;426122479;34801;914957;153226157;422885;50770;453607
567518110;524396575;283633928;735724;0;7431962
565109533;111833649;0;674831;442346;1225
556095558;0;0;102;0;227000779;59594;1059270088;2489003
564093761;181145208;0;0;509834;1707;343000;48011;358948
566871453;1099935;416548642;39465;778607;141787177;478247;95283;548763
565309847;545207509;284197318;736728;0;8235005
567532087;115155784;0;674662;457372;1410
559142897;0;0;100;0;242322617;148165;1067861456;4005462
554980662;181108842;0;0;515744;1598;359598;82096;348637
567575846;1127429;425964498;39419;939613;153054027;450163;57676;524962
566970947;535743895;280846487;736309;0;8031633
565251164;117168176;0;674260;435820;1227
562147132;0;0;104;0;243183711;109285;1073986716;2650765
554303648;181107905;0;0;484994;1505;326057;45496;328828
570347536;1137887;427143551;39226;865659;148303072;431528;47234;482250
564992599;536002487;280606991;737658;0;7304122
566202832;115688938;0;672510;424584;1206
565705765;0;0;105;0;237462416;265531;1082741620;3521433
564436259;181158460;0;0;509244;1634;455114;171615;388666
560033930;1131044;424298984;38863;774335;141106358;349949;40277;396643
564952949;536075149;280427239;736655;0;7170396
564202368;116625500;0;677374;442073;1268
568267170;0;0;102;0;245638439;166108;1088513060;4073433
566327377;181160647;0;0;513921;1807;500725;187298;460764
562895260;1114714;424443366;39057;857883;147345586;428364;62997;459304
554946426;527990912;280752606;736152;0;7545456
562759093;116372258;0;675943;423946;1283
566928254;0;0;101;0;244735701;159420;1084464508;2822736
567859018;181154622;0;0;538712;1952;487756;194858;426131
572727018;1107941;415617675;38476;906499;153353884;428768;75880;545206
564255106;533639786;280450759;735779;0;8230405
558302900;114853893;0;677001;466553;1413
569036799;0;0;102;0;245982284;211533;1090137336;3113525
570669100;181169157;0;0;533933;2018;526930;187831;511904
572380674;1102619;427488903;37806;935159;153250051;430211;76722;534847
565007814;535674623;280495385;738462;0;7384745
565518533;116961927;0;676618;454099;1333
558590557;0;0;101;0;242662630;204395;1066537700;3464040
564526595;181165748;0;0;514699;1932;465734;176542;401760
562388929;1120740;425013387;38506;785684;141271731;422395;60902;417645
568629042;538351319;280321040;737949;0;7391836
561103258;115770805;0;669931;452551;1341
557337860;0;0;100;0;242447553;67917;1062794708;2399913
568971007;181179498;0;0;527700;1978;490183;182425;429273
565208218;1117364;425822705;37421;814856;144954963;409624;53319;415324
573618217;541694662;280288172;739084;0;7459899
569907358;118477636;0;674069;447031;1340
558352500;0;0;110;0;242579723;99427;1065892904;2530546
565353764;181156025;0;0;538096;1806;424869;131427;376666
572774664;1112267;422164467;41611;881135;150351238;475460;80222;558806
566204885;536348333;279420693;738130;0;7341605
567256727;117729237;0;672744;446842;1325
560016529;0;0;110;0;242499340;87641;1068694052;2522669
558502531;181127557;0;0;501813;1539;341329;56686;341889
566669387;1149521;426030880;38796;846859;148229064;349459;25094;395670
573734382;541017410;280496847;738064;0;7857254
566049598;117370834;0;675614;474013;1371
565345073;0;0;102;0;244240451;113506;1080615428;2747366
563064371;181139873;0;0;500314;1682;394856;114700;364878
571244875;1112247;421221455;39051;836411;146897100;441649;76647;518974
571361624;549843261;279534855;736821;0;7723354
569616049;115332318;0;674330;436362;1263
567088762;0;0;101;0;242743294;234479;1084851764;3122006
560002407;181130761;0;0;522659;1601;359759;89843;335799
562008275;1146819;424930461;39091;761961;141363059;338716;24834;382833
565162452;536032585;280754675;736678;0;7017139
565997228;117295095;0;674992;458177;1341
566992883;0;0;102;0;244900456;85205;1084292968;2682827
557300400;181121241;0;0;514215;1688;366714;82780;352561
566851083;1135682;421307901;38968;796664;141666045;406179;45156;438297
574496192;529426046;281847089;739402;0;7636443
576802724;115248922;0;675014;469200;1354
567011798;0;0;102;0;235079278;530216;1085110324;2975182
557356249;181121590;0;0;492284;1489;357589;103247;327710
571927683;1142809;415218571;39412;769765;142250945;369200;34795;418302
574358946;531463355;282351031;738417;0;7431254
571028239;114661046;0;675839;471453;1320
563131113;0;0;101;0;229295608;129395;1074936004;2653757
562931415;181133639;0;0;475606;1685;356833;60934;356503
564263509;1117834;419960137;37626;817949;145795650;433978;64179;454901
567611986;548641592;284351613;737650;0;7973132
566518414;114387504;0;675524;428129;1320
569001003;0;0;102;0;245985524;214874;1090147172;3366596
558684558;181124329;0;0;498199;1689;349635;73000;344891
565145751;1133412;425798380;38741;878062;150005677;417054;48181;450425
569349558;538499009;280760690;740101;0;7628958
572726780;119278575;0;679475;437385;1282
569000347;0;0;106;0;245816758;98154;1089078628;2822683
556321236;181122920;0;0;522510;1726;360625;75284;330696
564719632;1136997;425687154;39032;818037;144304535;427140;46773;503653
561381290;532149995;280541661;737299;0;7860486
567923408;118742312;0;707977;398640;1135
565951549;0;0;101;0;244408172;186356;1082318636;3009987
558254423;181128259;0;0;518307;1629;336471;58755;337108
561237539;1147738;424252360;39247;901833;152816777;348455;27455;410508
563855578;534125105;280799070;736919;0;7902728
561967855;115942300;0;675269;422091;1266
565079680;0;0;101;0;244496470;242788;1081142488;3102310
563465246;181139505;0;0;535397;2116;356319;78973;352969
553653531;1150737;422019865;39338;890460;152552795;320372;18928;375427
564281345;535886840;281599064;738918;0;7363767
560788186;115232630;0;699423;398453;1182
560043724;0;0;101;0;243419739;256834;1071083340;3827753
566091695;181166823;0;0;524040;1938;422881;137872;425031
558090972;1118550;423362139;37578;897575;152727489;428384;65635;505078
553890838;527208331;281079969;737316;0;7590742
569155822;118259085;0;685446;432655;1303
567046694;0;0;103;0;244893509;284232;1086445580;4682359
564682167;181147370;0;0;501931;1887;446727;172630;419306
575493923;1101338;414649792;37760;883478;147513632;514816;85830;544364
559950466;532990293;278865097;736981;0;7095856
555394792;114085050;0;674702;451610;1239
571988236;0;0;102;0;246873331;281425;1097244388;4844652
565854551;181159013;0;0;520425;1807;457113;164818;390991
565366277;1090293;425750984;36954;851522;147482128;503028;98944;582427
566729513;536396538;280216286;737795;0;7912064
557799223;114787741;0;676496;419056;1285
556192243;0;0;100;0;242463885;151767;1061248964;2596689
561064118;181146450;0;0;500920;1949;438925;149273;411830
564312970;1124111;425399706;37362;760636;141433554;418420;51760;405917
566594448;536377512;278639975;737138;0;7426417
561480005;116476462;0;677089;463799;1319
552178677;0;0;103;0;240756504;75040;1052131380;2365272
563231993;181152499;0;0;503614;2234;403429;116134;365166
565012095;1120296;426101034;37685;762395;141468674;469698;68451;510053
560553886;532801604;276549090;737328;0;7742976
564701880;118474618;0;673832;418650;1227
558709601;0;0;104;0;241721152;93716;1066388996;2581229
559570739;181129125;0;0;513631;1787;432690;138869;409634
561595734;1093450;423934506;38774;795791;144334299;499908;97560;551868
570414104;536230519;279807029;736702;0;8058431
561049096;115659894;0;674687;422016;1236
561230065;0;0;101;0;243306448;193508;1072641072;3777573
555395831;181116469;0;0;501102;2000;343016;61301;344203
561660559;1122245;424297997;38492;837241;147587198;466509;64305;512506
561159495;532900978;277864162;737168;0;7520941
567099488;117749545;0;674448;422200;1224
